{"cameraMode":{"drawMode":0,"name":"Shaded","section":"Shading Mode"},"sceneLighting":false,"audioPlay":false,"sceneViewState":{"m_AlwaysRefresh":false,"showFog":true,"showSkybox":true,"showFlares":true,"showImageEffects":true,"showParticleSystems":true,"showVisualEffectGraphs":true,"m_FxEnabled":false},"in2DMode":false,"pivot":{"x":7.138880729675293,"y":-12.285138130187989,"z":18.050432205200197},"rotation":{"x":0.27191323041915896,"y":-0.016469020396471025,"z":0.004776695743203163,"w":0.9622800350189209},"size":23.740224838256837,"orthographic":false}