{"cameraMode":{"drawMode":0,"name":"Shaded","section":"Shading Mode"},"sceneLighting":false,"audioPlay":false,"sceneViewState":{"m_AlwaysRefresh":false,"showFog":true,"showSkybox":true,"showFlares":true,"showImageEffects":true,"showParticleSystems":true,"showVisualEffectGraphs":true,"m_FxEnabled":false},"in2DMode":false,"pivot":{"x":-25.297012329101564,"y":-1.6554853916168213,"z":28.850893020629884},"rotation":{"x":-0.13219168782234193,"y":0.25989317893981936,"z":-0.035877324640750888,"w":-0.9559294581413269},"size":64.3465805053711,"orthographic":false}