{"cameraMode":{"drawMode":0,"name":"Shaded","section":"Shading Mode"},"sceneLighting":false,"audioPlay":false,"sceneViewState":{"m_AlwaysRefresh":false,"showFog":true,"showSkybox":true,"showFlares":true,"showImageEffects":true,"showParticleSystems":true,"showVisualEffectGraphs":true,"m_FxEnabled":true},"in2DMode":false,"pivot":{"x":-0.000003850087523460388,"y":0.4960760176181793,"z":0.44021183252334597},"rotation":{"x":0.10574695467948914,"y":0.7381173372268677,"z":-0.11902957409620285,"w":0.6556424498558044},"size":1.2436389923095704,"orthographic":false}