{"cameraMode":{"drawMode":0,"name":"Shaded","section":"Shading Mode"},"sceneLighting":false,"audioPlay":false,"sceneViewState":{"m_AlwaysRefresh":false,"showFog":true,"showSkybox":true,"showFlares":true,"showImageEffects":true,"showParticleSystems":true,"showVisualEffectGraphs":true,"m_FxEnabled":false},"in2DMode":false,"pivot":{"x":-11.095531463623047,"y":-37.684207916259769,"z":-22.376314163208009},"rotation":{"x":-0.021104425191879274,"y":0.9057309031486511,"z":-0.42088112235069277,"w":-0.04541687294840813},"size":44.26692199707031,"orthographic":false}