{"cameraMode":{"drawMode":0,"name":"Shaded","section":"Shading Mode"},"sceneLighting":false,"audioPlay":false,"sceneViewState":{"m_AlwaysRefresh":false,"showFog":true,"showSkybox":true,"showFlares":true,"showImageEffects":true,"showParticleSystems":true,"showVisualEffectGraphs":true,"m_FxEnabled":false},"in2DMode":false,"pivot":{"x":-23.98517417907715,"y":-2.6782288551330568,"z":46.68232727050781},"rotation":{"x":0.09226877987384796,"y":0.008092224597930909,"z":-0.0007783066248521209,"w":0.9957391619682312},"size":9.262421607971192,"orthographic":false}