{"cameraMode":{"drawMode":0,"name":"Shaded","section":"Shading Mode"},"sceneLighting":false,"audioPlay":false,"sceneViewState":{"m_AlwaysRefresh":false,"showFog":true,"showSkybox":true,"showFlares":true,"showImageEffects":true,"showParticleSystems":true,"showVisualEffectGraphs":true,"m_FxEnabled":false},"in2DMode":false,"pivot":{"x":23.959997177124025,"y":0.06999998539686203,"z":28.450000762939454},"rotation":{"x":-0.28062745928764346,"y":-0.4160844385623932,"z":0.1366093009710312,"w":-0.8541590571403503},"size":0.8660253882408142,"orthographic":false}