{"cameraMode":{"drawMode":0,"name":"Shaded","section":"Shading Mode"},"sceneLighting":false,"audioPlay":false,"sceneViewState":{"m_AlwaysRefresh":false,"showFog":true,"showSkybox":true,"showFlares":true,"showImageEffects":true,"showParticleSystems":true,"showVisualEffectGraphs":true,"m_FxEnabled":true},"in2DMode":false,"pivot":{"x":0.9695353507995606,"y":0.6814549565315247,"z":0.18116043508052827},"rotation":{"x":0.16119730472564698,"y":-0.1708037108182907,"z":0.02833840623497963,"w":0.9716805219650269},"size":3.682731866836548,"orthographic":false}