{"cameraMode":{"drawMode":0,"name":"Shaded","section":"Shading Mode"},"sceneLighting":false,"audioPlay":false,"sceneViewState":{"m_AlwaysRefresh":false,"showFog":true,"showSkybox":true,"showFlares":true,"showImageEffects":true,"showParticleSystems":true,"showVisualEffectGraphs":true,"m_FxEnabled":true},"in2DMode":false,"pivot":{"x":0.31212618947029116,"y":-0.2990758419036865,"z":-0.646695613861084},"rotation":{"x":0.15032681822776795,"y":0.010388165712356568,"z":-0.0015576558653265238,"w":0.9886456727981567},"size":7.183149337768555,"orthographic":false}