{"cameraMode":{"drawMode":0,"name":"Shaded","section":"Shading Mode"},"sceneLighting":false,"audioPlay":false,"sceneViewState":{"m_AlwaysRefresh":false,"showFog":true,"showSkybox":true,"showFlares":true,"showImageEffects":true,"showParticleSystems":true,"showVisualEffectGraphs":true,"m_FxEnabled":true},"in2DMode":false,"pivot":{"x":-2.649416923522949,"y":0.18841171264648438,"z":-0.6090984344482422},"rotation":{"x":0.22979474067687989,"y":-0.11066723614931107,"z":0.0263308584690094,"w":0.9666330218315125},"size":6.791173458099365,"orthographic":false}