{"cameraMode":{"drawMode":0,"name":"Shaded","section":"Shading Mode"},"sceneLighting":false,"audioPlay":false,"sceneViewState":{"m_AlwaysRefresh":false,"showFog":true,"showSkybox":true,"showFlares":true,"showImageEffects":true,"showParticleSystems":true,"showVisualEffectGraphs":true,"m_FxEnabled":false},"in2DMode":false,"pivot":{"x":-26.477018356323243,"y":1.367720365524292,"z":27.716794967651368},"rotation":{"x":-0.05922544375061989,"y":-0.31519120931625368,"z":0.019525578245520593,"w":-0.9470767974853516},"size":0.40912604331970217,"orthographic":false}