{"cameraMode":{"drawMode":0,"name":"Shaded","section":"Shading Mode"},"sceneLighting":false,"audioPlay":false,"sceneViewState":{"m_AlwaysRefresh":false,"showFog":true,"showSkybox":true,"showFlares":true,"showImageEffects":true,"showParticleSystems":true,"showVisualEffectGraphs":true,"m_FxEnabled":true},"in2DMode":false,"pivot":{"x":-12.791481971740723,"y":-13.043304443359375,"z":44.27977752685547},"rotation":{"x":-0.14343379437923432,"y":0.1443413347005844,"z":-0.021153109148144723,"w":-0.9788377285003662},"size":30.717321395874025,"orthographic":false}