{"cameraMode":{"drawMode":0,"name":"Shaded","section":"Shading Mode"},"sceneLighting":false,"audioPlay":false,"sceneViewState":{"m_AlwaysRefresh":false,"showFog":true,"showSkybox":true,"showFlares":true,"showImageEffects":true,"showParticleSystems":true,"showVisualEffectGraphs":true,"m_FxEnabled":true},"in2DMode":false,"pivot":{"x":0.07005620002746582,"y":-3.6022047996520998,"z":2.943239688873291},"rotation":{"x":0.28202563524246218,"y":-0.008610962890088559,"z":0.0026066044811159374,"w":0.9594359397888184},"size":6.111989974975586,"orthographic":false}