{"cameraMode":{"drawMode":0,"name":"Shaded","section":"Shading Mode"},"sceneLighting":false,"audioPlay":false,"sceneViewState":{"m_AlwaysRefresh":false,"showFog":true,"showSkybox":true,"showFlares":true,"showImageEffects":true,"showParticleSystems":true,"showVisualEffectGraphs":true,"m_FxEnabled":true},"in2DMode":false,"pivot":{"x":1.0033419132232667,"y":0.3083895742893219,"z":-0.00418452825397253},"rotation":{"x":-0.15998052060604096,"y":-0.20828987658023835,"z":0.03452955558896065,"w":-0.9643311500549316},"size":5.045665264129639,"orthographic":false}