{"cameraMode":{"drawMode":0,"name":"Shaded","section":"Shading Mode"},"sceneLighting":false,"audioPlay":false,"sceneViewState":{"m_AlwaysRefresh":false,"showFog":true,"showSkybox":true,"showFlares":true,"showImageEffects":true,"showParticleSystems":true,"showVisualEffectGraphs":true,"m_FxEnabled":false},"in2DMode":false,"pivot":{"x":-0.16645216941833497,"y":1.314606785774231,"z":-0.09568548202514649},"rotation":{"x":0.14226242899894715,"y":-0.31978747248649599,"z":0.04859547317028046,"w":0.9355252385139465},"size":1.76975417137146,"orthographic":false}