{"cameraMode":{"drawMode":0,"name":"Shaded","section":"Shading Mode"},"sceneLighting":false,"audioPlay":false,"sceneViewState":{"m_AlwaysRefresh":false,"showFog":true,"showSkybox":true,"showFlares":true,"showImageEffects":true,"showParticleSystems":true,"showVisualEffectGraphs":true,"m_FxEnabled":false},"in2DMode":false,"pivot":{"x":-24.737884521484376,"y":0.18545401096343995,"z":26.020233154296876},"rotation":{"x":0.23590759932994843,"y":0.6279017925262451,"z":-0.20743678510189057,"w":0.712287187576294},"size":2.772395610809326,"orthographic":false}