{"cameraMode":{"drawMode":0,"name":"Shaded","section":"Shading Mode"},"sceneLighting":false,"audioPlay":false,"sceneViewState":{"m_AlwaysRefresh":false,"showFog":true,"showSkybox":true,"showFlares":true,"showImageEffects":true,"showParticleSystems":true,"showVisualEffectGraphs":true,"m_FxEnabled":false},"in2DMode":false,"pivot":{"x":3.7500181198120119,"y":0.3728529214859009,"z":35.94300079345703},"rotation":{"x":0.24257732927799226,"y":0.7331321239471436,"z":-0.32607007026672366,"w":0.5453664064407349},"size":24.665996551513673,"orthographic":false}