{"cameraMode":{"drawMode":0,"name":"Shaded","section":"Shading Mode"},"sceneLighting":false,"audioPlay":false,"sceneViewState":{"m_AlwaysRefresh":false,"showFog":true,"showSkybox":true,"showFlares":true,"showImageEffects":true,"showParticleSystems":true,"showVisualEffectGraphs":true,"m_FxEnabled":true},"in2DMode":false,"pivot":{"x":0.25899991393089297,"y":0.10500012338161469,"z":-0.5199999809265137},"rotation":{"x":0.15032681822776795,"y":0.010388165712356568,"z":-0.0015576558653265238,"w":0.9886456727981567},"size":2.1372828483581545,"orthographic":false}