{"cameraMode":{"drawMode":0,"name":"Shaded","section":"Shading Mode"},"sceneLighting":false,"audioPlay":false,"sceneViewState":{"m_AlwaysRefresh":false,"showFog":true,"showSkybox":true,"showFlares":true,"showImageEffects":true,"showParticleSystems":true,"showVisualEffectGraphs":true,"m_FxEnabled":false},"in2DMode":false,"pivot":{"x":-25.31460952758789,"y":0.05098878964781761,"z":28.264057159423829},"rotation":{"x":0.2565614879131317,"y":0.45711079239845278,"z":-0.13959795236587525,"w":0.840095579624176},"size":2.9659082889556886,"orthographic":false}