{"cameraMode":{"drawMode":0,"name":"Shaded","section":"Shading Mode"},"sceneLighting":false,"audioPlay":false,"sceneViewState":{"m_AlwaysRefresh":false,"showFog":true,"showSkybox":true,"showFlares":true,"showImageEffects":true,"showParticleSystems":true,"showVisualEffectGraphs":true,"m_FxEnabled":false},"in2DMode":false,"pivot":{"x":-26.934961318969728,"y":-0.6045757532119751,"z":27.111135482788087},"rotation":{"x":0.29027068614959719,"y":0.5662459135055542,"z":-0.22247430682182313,"w":0.7386908531188965},"size":3.1401429176330568,"orthographic":false}