{"cameraMode":{"drawMode":0,"name":"Shaded","section":"Shading Mode"},"sceneLighting":false,"audioPlay":false,"sceneViewState":{"m_AlwaysRefresh":false,"showFog":true,"showSkybox":true,"showFlares":true,"showImageEffects":true,"showParticleSystems":true,"showVisualEffectGraphs":true,"m_FxEnabled":false},"in2DMode":false,"pivot":{"x":-25.31460952758789,"y":0.009449120610952378,"z":28.264057159423829},"rotation":{"x":-0.17520539462566377,"y":-0.7429258227348328,"z":0.21360595524311067,"w":-0.6097659468650818},"size":3.8580141067504885,"orthographic":false}